Shawhaven, CA 24908"
600,Christopher,Cox,female,AB,77,001-543-847-9425,juliegregory@mccann-brown.com,beautiful,"446 Xavier Manors
Lake Andrewport, KY 06000"
601,Brandon,Hogan,female,O,30,001-264-696-1322x6430,michael91@gmail.com,nation,"8751 Tucker Glen
East Shawnstad, IA 55529"
602,Cynthia,Thomas,female,A,50,+1-075-188-7415x9938,michaelgross@flores.com,eight,"86840 Aaron Brook Apt. 503
Danielview, MN 33478"
603,Jennifer,Beltran,male,O,81,105.722.2689x494,kylie62@brooks-may.com,father,"6915 Schwartz Field Suite 781
Stephanieland, KY 11729"
604,Christina,Guerrero,female,B,50,(610)222-8166,thomassherman@wise.com,next,"12079 Brian Alley
Port Michele, SD 75235"
605,Tanya,Gomez,male,A,81,(488)726-0558,porteraaron@hotmail.com,might,"3679 Matthew Plaza
New Dennisside, UT 28278"
606,Michelle,Zuniga,male,AB,14,5739134851,alan15@mckinney.com,environmental,"759 Sean Loop Suite 953
Ericaburgh, RI 24417"
607,Mrs.,Tracie,male,A,13,+1-899-598-5737x16372,garciapamela@horton-dennis.com,really,"8626 Potts Summit Suite 531
North Ronald, ME 42521"
608,Dan,Rodgers,female,A,91,001-670-615-7390x3893,vtate@hotmail.com,can,"055 Ochoa Points
Timothyton, WV 01558"
609,Douglas,Grant,female,AB,61,(160)624-0057x2317,denisemartin@yahoo.com,surface,"42622 Bernard Ways Apt. 250
Warrenfurt, IA 02566"
610,Richard,Wilson,male,A,77,001-844-019-8160x97741,pooletristan@hotmail.com,toward,"355 Stephanie Stream
Webbmouth, GA 96865"
611,Donald,Zavala,male,AB,15,953.637.3881x76826,philliprose@brown.com,positive,"5093 Casey Brooks Apt. 798
Ethanshire, NV 62026"
612,Jordan,Sanders,male,A,75,383-628-4723,jermaine39@rubio.com,fire,"3485 Jonathan Loop
Phillipmouth, MI 38601"
613,Brian,Pena,female,AB,91,001-017-775-3025x6210,benjaminjohnson@diaz-odonnell.com,pay,"0733 Brady Tunnel
Lake Raven, VT 18483"
614,Edward,Garcia,male,AB,86,001-443-147-4345x963,harrelljennifer@gmail.com,many,"31977 Karen Lake Apt. 962
South Lauraside, IA 03339"
615,Katherine,Pierce,male,B,31,001-185-604-4931,michele17@ray.org,rather,"626 William Parks
West Brandy, MT 02638"
616,Ashley,Wilkinson,male,A,82,9400353093,parkjennifer@williams-alexander.com,something,"10537 Kenneth Prairie
Pennychester, ME 06237"
617,Nicole,Torres,female,A,59,(330)091-3981x28583,ahorton@gmail.com,indicate,"60265 Bennett Crest Apt. 416
Bishopshire, SC 57141"
618,Joseph,Schmidt,female,AB,87,246.835.3806x970,ischmitt@hotmail.com,produce,"4627 Hernandez Gateway Apt. 395
Jeffreystad, OR 91136"
619,Kristin,Griffin,male,AB,69,001-018-924-9089x6824,angelagarcia@gmail.com,mission,"699 Mccormick Forks Apt. 842
East Maryshire, NV 02130"
620,Crystal,Patel,female,AB,77,760.804.2700,garrettbennett@yahoo.com,especially,"1370 Erika Mills
Port Seth, CO 69556"
621,Frank,Robbins,male,AB,27,+1-956-331-0894x852,cordovajames@yahoo.com,there,"531 Scott Estates Suite 544
West Stephen, UT 68168"
622,Julie,Brown,male,AB,27,001-844-320-9768x791,jenniferstevens@hill.info,four,"3105 Todd Plains
Wilsonmouth, WI 09789"
623,Rhonda,Johnson,female,B,42,001-987-385-8235,paulsuzanne@glover-garrison.org,job,"10716 Nelson Mill
South Jamesport, SD 86373"
624,John,Myers,female,A,28,(535)421-8136,erikford@hotmail.com,people,"6797 Thompson Overpass Apt. 544
Popeside, WV 47668"
625,Jennifer,Nelson,female,AB,53,053-492-9658x90915,alexandraaguilar@gmail.com,adult,"433 Lindsay Walks
Lake Lorihaven, MN 74844"
626,Robert,Williams,male,O,38,001-374-053-7900x9127,tsullivan@walter-williams.biz,fish,"0540 Odonnell Parkways Apt. 735
Port Lori, MI 21405"
627,Shane,Young,female,AB,41,(023)457-1689x444,dennisgarcia@gmail.com,return,"PSC 6845, Box 3094
APO AA 72669"
628,Willie,Soto,male,B,47,001-116-743-7032x43558,ffrye@cox.net,family,"3407 Cruz Tunnel
Erictown, VT 71540"
629,Luke,Hines,male,B,57,4231354879,christophervaughn@daniels.com,rather,"7299 Leah River
Lake Walter, OK 07789"
630,Darren,Mills,male,A,81,001-034-044-4693x281,beverly54@yahoo.com,attention,"5189 Rachel Canyon Suite 138
Natalieview, OR 31226"
631,Mark,Bell,male,AB,91,(172)604-1560x4588,natalierussell@blair-clark.org,raise,"95208 Sarah Ridge
Wardland, WI 99794"
632,Kevin,Mann,male,AB,68,(201)824-4291x1825,cgallegos@yahoo.com,those,"85684 Lopez Green
Jamesmouth, AL 70267"
633,Erik,Bryan,male,AB,56,033-629-2389x42076,ufleming@yahoo.com,matter,"1623 William Prairie
Christinamouth, VT 43241"
634,Christopher,Stephens,male,AB,43,(465)377-5292,csmall@lang.com,wait,"505 Stephanie Courts Apt. 021
Ericfort, WA 54453"
635,Michael,Washington,female,A,26,114-764-6700,htaylor@yahoo.com,win,"1091 Deborah Crescent
New Jacob, AR 45887"
636,Andre,Cunningham,female,A,22,001-031-737-5676x248,opalmer@gmail.com,however,"7694 Judith Vista Apt. 940
Williamside, CT 72408"
637,Randy,Sanchez,male,B,26,695.840.1596,cadams@yahoo.com,social,"Unit 0784 Box 4850
DPO AA 47818"
638,William,Carter,male,B,15,+1-009-138-8496x0496,melanie20@hotmail.com,home,"68026 Webb Wells
East Steveland, ME 92514"
639,Amanda,Smith,male,AB,83,470.667.4987x14501,bennettchristopher@hotmail.com,window,"1935 Anthony Landing
Marymouth, CT 56588"
640,Melissa,Williams,male,A,21,871-741-5068,darrell20@pacheco.org,charge,"849 Dawn Center
Jenkinston, SD 11250"
641,Frank,Mahoney,male,A,66,662.447.4091x00662,andre97@hotmail.com,fish,"65582 Daniel Course
East Karen, MD 71699"
642,Robert,Mcdonald,male,AB,47,240.939.5999x9650,julie81@hotmail.com,story,"040 Michael Via Suite 854
Alejandraton, ME 30717"
643,Jose,Grant,male,A,72,587.549.5313x708,hartkaren@yahoo.com,listen,"68557 Wiggins View
New David, FL 27652"
644,Ricky,Montgomery,male,B,89,606-485-6803x6812,lisa71@gmail.com,protect,"USS Martinez
FPO AP 55467"
645,John,Taylor,female,B,39,(048)253-2967x737,william25@morales-yu.com,pattern,"352 Matthew Turnpike Suite 535
Huntertown, ID 04147"
646,Gabriela,Williamson,female,AB,20,9947922727,xmcclure@robertson.com,ok,"53318 Daniel Groves
Deanside, SC 36312"
647,Leslie,Armstrong,male,AB,16,(967)406-8702,caitlinstevens@ayala-smith.biz,nothing,"54108 Owen Motorway
North Linda, NM 80208"
648,Roger,Mccullough,female,B,68,145-820-2997x2722,jay01@hotmail.com,east,"467 Christina Square Apt. 704
North Roberto, OR 98647"
649,Steve,James,female,A,57,542.143.9355x57769,rdavid@brown-donaldson.com,country,"PSC 6766, Box 5984
APO AA 31258"
650,Catherine,Stephens,male,AB,29,(321)947-7521x79386,riverarhonda@yahoo.com,perhaps,"390 Phelps Landing
Lake Jesseshire, WV 66779"
651,Jesse,Davenport,female,A,56,198-821-2590x848,aaronfox@camacho.com,really,"733 Phillips Ranch Apt. 193
East Austinview, UT 64713"
652,Charles,Jacobs,female,B,90,702-564-3153x6733,bellsteven@gmail.com,lose,"4476 Bryan Views Suite 148
Lake Kimfurt, NE 46518"
653,Sandra,Archer,male,A,74,001-633-418-2568x8793,millsdavid@gmail.com,admit,"63491 Adam Knoll Apt. 943
Smithfort, NM 17751"
654,Kyle,Arellano,male,B,41,+1-736-641-8580x43335,thomasjonathan@church.com,issue,"875 Cory Shoal Suite 244
East Rebecca, CT 61120"
655,Lindsey,Dillon,male,B,14,226.582.4193,gabriellawilliams@yahoo.com,another,"30921 Sara Isle Apt. 890
Kentfort, IL 01278"
656,Lawrence,Ross,female,AB,64,+1-477-982-7113,nsherman@gomez-ritter.com,modern,"7847 Jackson Squares
Lake Jenniferhaven, MA 23064"
657,Ronald,Fleming,male,AB,64,001-698-122-5848x42615,santiagopamela@yahoo.com,international,"76587 Miller Row
Port Shawnland, OR 62577"
658,Linda,Hoffman,female,B,81,001-090-567-2326x555,taylorveronica@yahoo.com,cultural,"668 Craig Meadow Suite 131
Donnaville, PA 42845"
659,Scott,Howe,female,B,22,001-663-882-0749x1116,hthomas@simmons.info,remain,"8869 Hernandez Garden Apt. 612
Scottton, SC 69970"
660,Lisa,Meyer,female,B,70,001-250-568-6268x82316,bakerjesse@smith-valentine.com,set,"9748 Stein Spring
Lake Michealfort, ND 07395"
661,Terry,Smith,female,O,83,675.995.7625x0799,alan51@marsh.com,few,"17621 Jeffrey Hollow
Port Jessica, MS 74887"
662,Rebecca,Johnson,male,B,68,924.149.0240x37160,dibarra@yahoo.com,inside,"71746 Marshall Common
West Alexaburgh, NH 36272"
663,Dustin,Davis,male,AB,91,390-303-7528x43086,garzarachel@gmail.com,leg,"57755 Ford Harbors
Foxside, DC 55030"
664,Kevin,Barker,male,AB,30,001-143-316-7913x27092,brenda73@kaufman.com,professor,"2375 Keller Mountains
Normanport, WA 56755"
665,Edwin,Morales,male,O,41,+1-438-132-5600x000,jknight@yahoo.com,discussion,"15534 Howard Motorway Apt. 714
East Debra, SD 24472"
666,Shawn,Moore,female,AB,45,326-099-6849,nmorse@hotmail.com,artist,"PSC 4160, Box 9788
APO AE 86142"
667,Robert,Middleton,female,O,66,918.676.5926x8102,smithmelissa@clark-hensley.biz,thing,"947 Williamson Squares Apt. 337
Tammyburgh, AK 07244"
668,Brian,Kelly,female,A,46,9175974481,deborah09@martinez.com,cover,"142 Garcia Trail Apt. 349
Taylorburgh, CT 65348"
669,Brittany,Wu,female,B,52,080.287.5191,rharris@gmail.com,ever,"10273 Nathan Grove Suite 270
Lake Melissa, AK 61321"
670,Brian,Lewis,female,O,52,+1-113-248-0497,anne06@hughes-young.com,partner,"7119 Webster Via
North Scottfurt, ME 90756"
671,Mary,Bradley,male,AB,55,+1-155-265-9243,amy81@garcia.com,show,"125 Williams Loop
Alexandriaton, DC 93423"
672,James,Thompson,female,B,45,+1-448-578-1113,tom86@schroeder.com,customer,"07444 James Plains
Larsonburgh, IA 11059"
673,Brian,Hawkins,female,AB,24,408-251-5962x51426,pamelasaunders@rivera.com,me,"57692 Veronica Row Suite 580
Port Teresaton, AZ 13507"
674,John,Farmer,male,O,33,030.673.6269,mendezjames@nelson.org,allow,"7084 Lewis Knoll
Jonesside, MO 56431"
675,Mark,Cole,male,AB,72,3008239304,tferguson@hotmail.com,building,"57874 Nathan Parks Apt. 036
Hawkinsbury, SC 30812"
676,Clarence,Wiggins,male,O,46,407.201.1976x908,vwilcox@robinson-shannon.biz,pattern,"2793 Ramirez Shoal
New Megan, NH 70818"
677,Wendy,Harrell,male,AB,41,(605)265-5349,vanessapotter@gmail.com,visit,"1075 Neal Crest
New Amy, VT 19736"
678,Patrick,Gonzalez,female,B,79,924.298.6870,williamsjoseph@hoffman.com,will,"008 Gomez Prairie Apt. 870
Pereztown, CA 94533"
679,Melissa,Diaz,female,B,16,201-584-3568x77177,ferrelllaura@gmail.com,prevent,"7602 Daniels River Apt. 608
Marymouth, VT 55657"
680,Lisa,Smith,male,AB,81,052-207-9598x3782,rayjoanna@hotmail.com,skin,"USNV Vargas
FPO AP 16363"
681,Brittany,Petersen,male,B,73,(669)018-4734,cummingskristen@gmail.com,later,"288 Jeffrey Lodge
Millerstad, NJ 23037"
682,Jamie,Smith,female,B,51,(760)926-5721,robert43@hotmail.com,cultural,"4752 Wendy Springs Suite 352
Morrisonside, WA 95913"
683,Ashley,Cobb,male,B,47,(596)214-2306x02983,cdorsey@gmail.com,happy,"156 Robinson Groves
Popeland, IA 07301"
684,Patricia,Peck,male,AB,53,001-661-512-5046,edwinmontgomery@gmail.com,in,"54487 Barnes Ferry Apt. 365
Jordanhaven, CA 74149"
685,John,Davidson,female,B,38,+1-138-212-9187,qturner@gmail.com,treat,"4962 Sandra Motorway Apt. 583
New Justinside, NV 45584"
686,Joshua,Ruiz,female,B,50,001-243-399-9729x671,marissa70@taylor.com,now,"839 Kenneth Well Apt. 016
North Aprilhaven, VT 54065"
687,Mary,Smith,male,AB,78,275.059.5947,brownhelen@johnson.net,administration,"4147 Melissa Vista Suite 744
North Maryville, FL 62417"
688,Susan,Abbott,male,O,51,506-374-8233,awright@lloyd.com,table,"8716 Travis Roads Apt. 635
South David, AR 68974"
689,Angela,Wilson,female,A,14,859-048-4761x538,ogarcia@benjamin.com,show,"15975 Heather Lights Apt. 487
East Kimberlyville, OR 30353"
690,Peter,Blair,male,AB,32,+1-688-828-6944x3784,qgraham@hotmail.com,office,"91738 Natalie Meadows Suite 109
Brianfurt, NH 48980"
691,Casey,Allen,female,AB,84,365.258.6475x035,irodriguez@hotmail.com,entire,"45499 Cummings Lodge Apt. 841
Richardmouth, WA 33403"
692,Michael,Price,female,B,61,768.795.4132x5753,mark15@gmail.com,however,"627 Margaret Ways
Justinland, DE 67074"
693,Kimberly,Robinson,female,A,24,110.796.0513x994,harrismichael@brown-carter.info,heart,"28603 Boyd Extension
West Carlbury, ME 41723"
694,Raymond,Leonard,male,O,80,327.301.0222x6286,glewis@mercado-wells.com,serve,"4675 John Spur Suite 500
Johnberg, WY 90369"
695,Ryan,Mcdonald,female,B,56,4403001467,chelseyfields@yahoo.com,interesting,"51522 Chad Branch Apt. 839
Chadton, UT 18064"
696,Beth,Howe,female,O,26,247.989.7777x3020,barbara78@wilson-walker.com,fact,"808 Rodriguez Pike Suite 870
Brownhaven, GA 34272"
697,William,Jackson,male,O,88,(490)381-1765x86372,elizabethmclaughlin@perez.org,house,"PSC 5355, Box 2706
APO AP 50170"
698,Dominique,Duncan,male,O,80,077-013-0824,jerryanderson@hotmail.com,least,"030 Megan Road
Glassbury, AK 51476"
699,Megan,Patel,female,AB,43,001-684-391-7956,pjohnson@gmail.com,develop,"53082 Lopez Island